Price,Close,Close,Close,High,High,High,Low,Low,Low,Open,Open,Open,Volume,Volume,Volume
Ticker,AAPL,SPY,TSLA,AAPL,SPY,TSLA,AAPL,SPY,TSLA,AAPL,SPY,TSLA,AAPL,SPY,TSLA
Date,,,,,,,,,,,,,,,
2024-01-02,183.56219482421875,459.9911804199219,248.4199981689453,186.33085840634024,460.9838811377681,251.25,181.83178197139316,457.8890273530107,244.41000366210938,185.05528848269014,459.51431341639926,250.0800018310547,82488700,123623700,104654200
2024-01-03,182.18777465820312,456.23455810546875,238.4499969482422,183.7995356475199,458.5702737454352,245.67999267578125,181.37694529807916,455.631168116003,236.32000732421875,182.15811164141854,457.83061907435547,244.97999572753906,58414500,103585900,121082600
2024-01-04,179.87393188476562,454.7650146484375,237.92999267578125,181.04071720671112,458.34644746704663,242.6999969482422,178.85546161628733,454.54116395968543,237.72999572753906,180.11123597031312,455.75768568069975,239.25,71983600,84232200,102629300
2024-01-05,179.15213012695312,455.387939453125,237.49000549316406,180.7144477397177,457.8404368275673,240.1199951171875,178.15344001418788,453.9378252017517,234.89999389648438,179.953076851374,454.9694333616534,236.86000061035156,62379700,86118900,92488900
2024-01-08,183.4830780029297,461.8890380859375,240.4499969482422,183.52263874374273,462.0350147729897,241.25,179.46852282651062,455.75774992757283,235.3000030517578,180.0519155054874,455.8842729564319,236.13999938964844,59144500,74879100,85166600
2024-01-09,183.0677947998047,461.1882629394531,234.9600067138672,183.07767744176536,462.21012932199153,238.9600067138672,180.68476543102267,458.72602412321226,232.0399932861328,181.8614486084712,459.2320864754785,238.11000061035156,42841800,65931400,96705700
2024-01-10,184.1060333251953,463.79644775390625,233.94000244140625,184.31367440860302,464.66262543249644,235.5,181.8614365329183,461.1784907638839,231.2899932861328,182.2866315170422,461.46073210525145,235.10000610351562,46792900,67310600,91628500
2024-01-11,183.5127410888672,463.59210205078125,227.22000122070312,184.9564063690912,465.3146861106975,230.92999267578125,181.5647895230864,459.6116465550996,225.3699951171875,184.4521049955326,464.7988820904805,230.57000732421875,49128400,77940700,105873600
2024-01-12,183.8390655517578,463.91326904296875,218.88999938964844,184.64989484239166,465.7818595429952,225.33999633789062,183.11724039185432,462.502121615046,217.14999389648438,183.97749798089004,465.04220480544996,220.0800018310547,40477800,58026400,123043800
2024-01-16,181.57469177246094,462.2101135253906,219.91000366210938,182.1976301200088,463.84511156166917,223.49000549316406,178.90489995610474,460.3902018147457,212.17999267578125,180.12114381484557,462.531291886232,215.10000610351562,65603000,85014900,115355000
2024-01-17,180.63531494140625,459.6408386230469,215.5500030517578,180.8825167727283,460.1274473065962,215.6699981689453,178.281963767062,457.28563952656407,212.00999450683594,179.24110807963172,459.1834252725011,214.86000061035156,47317400,68843900,103164400
2024-01-18,186.51873779296875,463.7283630371094,211.8800048828125,187.0230241166397,464.28310409945385,217.4499969482422,183.7500741577492,459.7673906749951,208.74000549316406,184.00715864056133,461.314802822399,216.8800048828125,78005800,91856200,108595400
2024-01-19,189.4159393310547,469.50927734375,212.19000244140625,189.80157360580037,469.79151871434675,213.19000244140625,186.70661676571424,463.7770421286305,207.55999755859375,187.21090309791916,464.8572992191645,209.99000549316406,68903000,110834500,102260300
2024-01-22,191.71986389160156,470.5019226074219,208.8000030517578,193.143748944668,472.2245065621204,217.8000030517578,190.1081030206995,469.8498539385585,206.27000427246094,190.14766376550878,471.04692192756045,212.25999450683594,60133900,75844900,117952500
2024-01-23,192.99539184570312,471.87420654296875,209.13999938964844,193.55901922053994,472.1175109095896,215.64999389648438,191.660511110776,469.9569966462272,207.75,192.83719415255706,471.04699545665005,211.3000030517578,42355600,49945300,106605900
2024-01-24,192.32301330566406,472.3900146484375,207.8300018310547,194.18197579456825,475.6794645582401,212.72999572753906,192.16480052192722,471.8936642634199,206.77000427246094,193.23271418014866,474.745184157241,211.8800048828125,53631300,81765000,123369900
2024-01-25,191.99671936035156,474.9593200683594,182.6300048828125,194.07322080915367,475.23181977158964,193.0,190.94858599423335,472.39004139507995,180.05999755859375,193.03497008475262,474.52136032734217,189.6999969482422,54822100,72525000,198076800
2024-01-26,190.26632690429688,474.35589599609375,183.25,192.58013270627515,476.02008943226616,186.77999877929688,189.79170355496896,473.5092016110277,182.10000610351562,192.0956267141711,474.53106799985125,185.5,44594000,76641600,107343200
2024-01-29,189.58404541015625,478.1125183105469,190.92999267578125,190.04878611194624,478.2585246858996,191.47999572753906,187.45811545873704,474.12235058965683,183.6699981689453,189.86091028509443,474.66734997690736,185.6300048828125,47145600,61322800,125013100
2024-01-30,185.93531799316406,477.7427062988281,191.58999633789062,189.65324309628332,478.4531359964777,196.36000061035156,185.37170567810733,476.983568210537,190.61000061035156,188.80286821503816,477.421527922976,195.3300018310547,55859400,58618400,109982300
2024-01-31,182.3360595703125,469.94720458984375,187.2899932861328,185.00585134318092,475.98113441506774,193.97000122070312,182.28663127585358,469.92772123444905,185.85000610351562,184.94651023142666,475.5334627445424,187.0,55467800,126011100,103221400
2024-02-01,184.76853942871094,476.09796142578125,188.86000061035156,184.85752846784007,476.1271567596163,189.8800048828125,181.76257176566293,470.8425637335658,184.27999877929688,181.93066720224104,471.65035080339914,188.5,64885400,91891600,91843300
2024-02-02,183.7698516845703,481.1100769042969,187.91000366210938,185.23328233515724,482.76452883359946,188.69000244140625,177.2437171517322,476.1953107107944,182.0,177.84689023760967,476.5359427757288,185.0399932861328,102551700,99228200,110612700
2024-02-05,185.57937622070312,479.3582458496094,181.05999755859375,187.13181116987633,481.1392504253947,184.67999267578125,183.75997412159924,477.1004039249224,175.00999450683594,186.04411693236617,480.4774696836803,184.25999450683594,69668800,75757100,134294400
2024-02-06,187.18121337890625,480.74993896484375,185.10000610351562,187.19109601961685,481.0808293147646,186.49000549316406,184.67953227102765,478.871606822303,177.11000061035156,184.76852130142626,480.3022375794468,177.2100067138672,43490800,55918600,122676000
2024-02-07,187.2899932861328,484.7596130371094,187.5800018310547,188.91163664571195,485.17808940845316,189.7899932861328,186.49894443287428,482.0929770540646,182.67999267578125,188.50622203381667,482.9980918458816,188.17999267578125,53439000,70556500,111535200
2024-02-08,186.2122039794922,484.97369384765625,189.55999755859375,187.418535043408,485.3532331832338,191.6199951171875,185.2530596605407,483.94208579679537,185.5800018310547,187.27021997882892,484.7595848352,189.0,40962000,52343600,83034000
2024-02-09,186.9745635986328,487.7765808105469,193.57000732421875,188.10324181676,488.2145108276318,194.1199951171875,186.1329987846296,485.13914022884614,189.47999572753906,186.77653768433356,485.47977226451565,190.17999267578125,45155200,63979400,84476300
2024-02-12,185.29141235351562,487.56243896484375,188.1300048828125,186.796321504533,490.0149359961155,194.72999572753906,184.9349868995182,486.84223792928447,187.27999877929688,186.54880424779185,487.747352637465,192.11000061035156,41781900,56502300,95498600
2024-02-13,183.20237731933594,480.84722900390625,184.02000427246094,184.36077144619387,483.7766228154562,187.25999450683594,181.68757282391297,477.57723287028176,182.11000061035156,183.92513863049606,481.2851887040555,183.99000549316406,56529500,113099200,86759500
2024-02-14,182.3212127685547,485.21697998046875,188.7100067138672,183.6875129162611,485.7035886541278,188.88999938964844,180.62820312290157,481.158650574048,183.35000610351562,183.4796068721132,483.48465429025185,185.3000030517578,54630500,68387800,81203000
2024-02-15,182.0341033935547,488.5648498535156,200.4499969482422,182.65785175424014,488.74976352545775,200.8800048828125,179.54903541760635,485.4408007855907,188.86000061035156,181.727184392981,485.91769748176387,189.16000366210938,65434500,61683000,120831800
2024-02-16,180.49949645996094,486.1318054199219,199.9499969482422,183.0142804515248,489.40180144243595,203.1699981689453,179.86585283584154,485.39215073377574,197.39999389648438,181.5984737728991,488.26315378111764,202.05999755859375,49752500,75532900,111346700
2024-02-20,179.75692749023438,483.4555358886719,193.75999450683594,180.61828269677792,485.06133882722617,198.60000610351562,178.21242224791314,481.20740583464766,189.1300048828125,179.98463913307552,484.3898163747004,196.1300048828125,53665600,71736700,104545800
2024-02-21,180.50941467285156,483.8934326171875,194.77000427246094,181.07374623255754,484.0491509708409,199.44000244140625,178.8658962581704,480.3411949189208,191.9499969482422,180.13318356154335,482.15139479243277,193.36000061035156,41371400,59293400,103500300
2024-02-22,182.53903198242188,493.9078063964844,197.41000366210938,183.1231842228548,494.871282071389,198.32000732421875,180.64801151557128,489.54778196517503,191.36000061035156,181.65787110291916,490.51128734031624,194.0,52292200,76402500,92739500
2024-02-23,180.7073974609375,494.24847412109375,191.97000122070312,183.20236045475278,496.4674086571224,197.57000732421875,180.4202689919066,493.51856105397593,191.5,183.1726595934398,495.6304262293698,195.30999755859375,45119700,61321800,78841900
2024-02-26,179.36090087890625,492.4382629394531,199.39999389648438,180.94500218994074,495.12435246871587,201.77999877929688,178.8559560281093,492.3117399253592,192.0,180.43017719516277,494.6863927584272,192.2899932861328,40867400,50386700,111747100
2024-02-27,180.8162841796875,493.3530578613281,199.72999572753906,182.09346638622006,493.5769085410792,205.60000610351562,177.7767654701203,491.2314511932456,198.25999450683594,179.30148000361888,493.1292368818132,204.0399932861328,54318900,48854500,108645400
2024-02-28,179.6183319091797,492.7010498046875,202.0399932861328,181.30144633523983,493.28495648375826,205.3000030517578,178.34114943443706,491.4358493661455,198.44000244140625,180.69750358801915,491.7959350516518,200.4199981689453,48953900,56506600,99806200
2024-02-29,178.9550018310547,494.4722900390625,201.8800048828125,180.75693496542868,496.0878345083775,205.27999877929688,177.74711623943745,491.815425510208,198.4499969482422,179.46984202762675,494.46257806109645,204.17999267578125,136682600,83924800,85907000
2024-03-01,177.8758087158203,499.1145324707031,202.63999938964844,178.73716395290236,499.54275051356746,204.52000427246094,175.61845249589473,494.9394511031337,198.5,177.76690051629518,495.3482154895911,200.52000427246094,73563100,76844800,82243100
2024-03-04,173.36106872558594,498.5792541503906,188.13999938964844,175.14318064223312,500.42839094094944,199.75,172.06406578926712,498.28730081516426,186.72000122070312,174.400628974546,498.31652584892447,198.72999572753906,81510100,49799300,134334900
2024-03-05,168.43051147460938,493.5964050292969,180.74000549316406,170.33144189377032,497.0221493633574,184.58999633789062,167.93547703918458,491.38721217314117,177.57000732421875,169.064154947663,496.5744479650044,183.0500030517578,95132400,72855600,119660800
2024-03-06,167.44049072265625,496.0975646972656,176.5399932861328,169.53944760498507,498.3554361707815,181.5800018310547,167.00485787713032,494.8031986362925,173.6999969482422,169.3612273012443,496.8761267293977,179.99000549316406,68587700,68382400,107920900
2024-03-07,167.3216552734375,501.0220642089844,178.64999389648438,169.0344703547855,502.0731556685532,180.0399932861328,166.81672553933012,496.15597704493354,173.6999969482422,167.47015957545335,499.39680772832526,174.35000610351562,71765100,58652100,102129000
2024-03-08,169.03448486328125,498.01483154296875,175.33999633789062,171.9749911536114,504.3407152276024,182.72999572753906,167.26226790901475,497.4406368151398,174.6999969482422,167.32166963491963,501.6546849790431,181.5,76267000,86532500,85544600
2024-03-11,171.03440856933594,497.5866394042969,177.77000427246094,172.64822576816061,498.17057584105015,182.8699951171875,170.3413633360917,494.8810959575729,174.8000030517578,171.2225240841993,496.8080772887865,175.4499969482422,60139500,62557200,85391500
2024-03-12,171.5096435546875,502.9393310546875,177.5399932861328,172.30170175265368,503.5232377514132,179.42999267578125,169.3116892312768,497.17784111143084,172.41000366210938,171.43043622416553,499.6985003866654,177.77000427246094,59825400,73114400,87391700
2024-03-13,169.43052673339844,502.1509704589844,169.47999572753906,171.4700666239107,503.43562459877114,176.0500030517578,169.06419090034882,500.7106276661075,169.14999389648438,171.05423942259554,503.2604525888654,173.0500030517578,52488700,55104100,106524500
2024-03-14,171.28195190429688,501.1582946777344,162.5,172.57893998999515,503.27990140830235,171.1699981689453,170.34138929390355,498.1121195690471,160.50999450683594,171.19284931228447,503.1241533654222,167.77000427246094,72913500,110171800,126325700
2024-03-15,170.9057159423828,497.717041015625,163.57000732421875,170.9057159423828,499.5426370968139,165.17999267578125,168.59885322457814,496.0476768950372,160.75999450683594,169.47011882986195,498.0880174407595,163.16000366210938,121752700,107646300,97146800
2024-03-18,171.99476623535156,500.6750793457031,173.8000030517578,175.9451464866311,503.23282668542583,174.72000122070312,171.79675548173088,500.26507469946,165.89999389648438,173.82639969766024,501.78800868482955,170.02000427246094,75604200,88893300,108214400
2024-03-19,174.33135986328125,503.4574279785156,171.32000732421875,174.85609525037736,503.7405165081089,172.82000732421875,171.31164624406932,498.976454143322,167.4199981689453,172.6086342803731,499.9820112945357,172.36000061035156,55215200,60755300,77271400
2024-03-20,176.89561462402344,508.1139831542969,175.66000366210938,176.89561462402344,508.25067121798276,176.25,173.35116602745083,502.8423166074447,170.82000732421875,173.97491429018868,503.515925395574,173.0,53423100,69594600,83846700
2024-03-21,169.66810607910156,509.7931823730469,172.82000732421875,175.7273381457555,511.6577769054798,178.17999267578125,169.1433707597941,509.5100342818405,171.8000030517578,175.29170540355622,510.9549118204902,176.38999938964844,106181300,60256100,73178000
2024-03-22,170.56910705566406,508.8266906738281,170.8300018310547,171.33146450930536,510.1933925850028,171.1999969482422,168.37115239719608,508.59234273745244,166.3000030517578,170.05426688241553,509.7052719913618,166.69000244140625,71160100,79070800,75580600
2024-03-25,169.1533203125,507.4208984375,172.6300048828125,170.23249206020807,508.57285588251494,175.24000549316406,167.76721443821097,507.26466648069925,168.72999572753906,168.87610215909345,507.4501546887545,168.75999450683594,54288300,48512100,74228600
2024-03-26,168.02462768554688,506.4837646484375,177.6699981689453,169.71763732680742,509.1879722137105,184.25,167.8959138727621,506.08353191849,177.3800048828125,168.31174106723407,508.8462519954212,178.5800018310547,57388400,65463700,113186200
2024-03-27,171.58885192871094,510.74017333984375,179.8300018310547,171.87598039200594,510.7792611284968,181.91000366210938,168.42063422483255,507.1476123013397,176.0,168.7176579392829,509.3148990950555,181.41000366210938,60273300,82999800,81804000
2024-03-28,169.77703857421875,510.6425476074219,175.7899932861328,170.51959037094832,512.1459377696011,179.57000732421875,168.81667037520143,510.3594590790039,175.3000030517578,170.0443614510728,510.7792356908129,177.4499969482422,65672700,96294900,77654800
2024-04-01,168.34144592285156,509.75408935546875,175.22000122070312,169.54933141950085,511.92137584867254,176.75,167.79690490268092,508.5923599199536,170.2100067138672,169.48992969134684,511.38445509453464,176.1699981689453,46240500,62477500,81562100
2024-04-02,167.1632537841797,506.51300048828125,166.6300048828125,167.65828830624176,506.6496289689748,167.69000244140625,166.55931106297376,504.2090260168563,163.42999267578125,167.40087579338118,505.927220028753,164.75,49329500,74230300,116650600
2024-04-03,167.96519470214844,507.0694274902344,168.3800048828125,168.98496453257434,508.5728771082824,168.82000732421875,166.90582876011774,505.3707772955882,163.27999877929688,167.11373478373662,505.41957743973774,164.02000427246094,47691700,59155800,82950100
2024-04-04,167.14346313476562,500.8800964355469,171.11000061035156,170.21266810452119,511.42348983220387,177.19000244140625,167.14346313476562,500.57746403679687,168.00999450683594,168.59885072968464,511.08182923475704,170.07000732421875,53704400,96858100,123162000
2024-04-05,167.89588928222656,506.1127624511719,164.89999389648438,168.6978426903414,508.0750169684766,170.86000061035156,167.27214102824712,501.7977926534172,160.50999450683594,167.90578453281648,502.23711314886503,169.0800018310547,42104800,74546500,143157600
2024-04-08,166.77711486816406,506.3957824707031,172.97999572753906,167.51966659518817,507.8211160052217,174.5,166.5692088446593,505.5855452146359,167.7899932861328,167.35135668326646,506.815618601476,169.33999633789062,37425500,48401800,104423300
2024-04-09,167.9850311279297,506.9816589355469,176.8800048828125,168.3909631058002,508.377676899054,179.22000122070312,166.6781477036779,502.12970850017103,171.9199981689453,167.02466284236104,508.13361656448893,172.91000366210938,42373800,68049200,102951700
2024-04-10,166.11378479003906,501.9051818847656,171.75999450683594,167.4107728345435,503.8966927238286,174.92999267578125,165.45044033625643,499.92344299249396,170.00999450683594,167.12365945587084,501.2803731405352,173.0399932861328,49709300,82652800,84532400
2024-04-11,173.30166625976562,505.69293212890625,174.60000610351562,173.71750852250418,507.1377500106354,175.8800048828125,166.49000200344838,499.9136010169566,168.50999450683594,166.6682071669761,503.4280454371211,172.5500030517578,91070300,70099000,94516000
2024-04-12,174.79669189453125,498.7128601074219,171.0500030517578,176.5887144383463,503.5647804243456,173.80999755859375,172.47993396851362,496.98489398756476,170.36000061035156,172.52942533467058,502.1492186619509,172.33999633789062,101670900,92561100,64722700
2024-04-15,170.9750213623047,492.4648742675781,161.47999572753906,174.8758957155582,503.05706721719804,170.69000244140625,170.78690583147454,491.6155194168172,161.3800048828125,173.6185038309996,502.8911229007107,170.24000549316406,73531800,92101400,100245300
2024-04-16,167.6978759765625,491.5668029785156,157.11000061035156,172.03436750787574,494.46624096322887,158.19000244140625,166.59889888763496,490.27815725363826,153.75,170.04433444727835,492.94330684929076,156.74000549316406,73711200,73484000,97000000
2024-04-17,166.33160400390625,488.65753173828125,155.4499969482422,168.95528100035153,494.1928325755386,158.3300018310547,166.33160400390625,487.26151394107353,153.77999877929688,167.9256158132339,494.0268584590965,157.63999938964844,50901200,75910300,82439700
2024-04-18,165.38113403320312,487.6519775390625,149.92999267578125,166.96525061902096,492.1524648158817,152.1999969482422,164.89600984807865,486.714794359639,148.6999969482422,166.36130787024413,490.0535522630773,151.25,43122900,74548100,96098800
2024-04-19,163.3614044189453,483.3955993652344,147.0500030517578,164.7474951408098,488.569665842459,150.94000244140625,162.4505426435407,482.12646792132756,146.22000122070312,164.55939469854349,487.5739105371773,148.97000122070312,68149400,102212600,87074500
2024-04-22,164.1930389404297,487.8472595214844,142.0500030517578,165.59893510418706,490.44406471980994,144.44000244140625,163.13367296874276,483.6591763812229,138.8000030517578,163.8762247169617,486.0021493308909,140.55999755859375,48116400,67961000,107097600
2024-04-23,165.24252319335938,493.6363830566406,144.67999267578125,165.39104261951863,494.0659315908711,147.25999450683594,163.28219064755024,487.6617913619136,141.11000061035156,163.70792820716713,489.85833417865257,143.3300018310547,49537800,64633600,124545100
2024-04-24,167.34146118164062,493.402099609375,162.1300048828125,167.61867928406764,495.31552414024065,167.97000122070312,164.55936979904956,491.1762707245871,157.50999450683594,164.8860792640679,494.52477110173174,162.83999633789062,48251800,55928100,181178000
2024-04-25,168.2028350830078,491.5276794433594,170.17999267578125,168.9156860278579,492.28914639879576,170.8800048828125,166.4801094484109,485.6702321576898,158.36000061035156,167.84640961058278,487.3200821932215,158.9600067138672,50558300,69122400,126427500
2024-04-26,167.61866760253906,496.1844177246094,168.2899932861328,169.63840150907166,497.7659238799117,172.1199951171875,167.49984906174126,493.68524235456005,166.3699951171875,168.19290937676217,494.31979324751813,168.85000610351562,44838400,64306100,109815700
2024-04-29,171.7769775390625,497.94158935546875,194.0500030517578,174.28185098854456,498.61519817399505,198.8699951171875,171.38095596804143,495.19835393785416,184.5399932861328,171.64826373021612,497.97087540007783,188.4199981689453,68169400,46415400,243869700
2024-04-30,168.6384735107422,490.0535888671875,183.27999877929688,173.2521991943247,497.45348436502843,190.9499969482422,168.31174889120035,490.0535888671875,182.83999633789062,171.60868084411632,496.4772431240589,186.97999572753906,65934800,77483600,127031800
2024-05-01,167.61866760253906,488.46234130859375,179.99000549316406,170.99480617347464,496.11606953951656,185.86000061035156,167.43055209459067,487.9937347584278,179.00999450683594,167.89588568564642,489.46786865773555,182.0,50383100,80242800,92829700
2024-05-02,171.31163024902344,493.0310974121094,180.00999450683594,171.69775653757537,493.8706803453591,184.60000610351562,169.19288328746214,487.6812848525579,176.02000427246094,170.79679016186972,492.1720003799534,182.86000061035156,94214900,62550200,89148000
2024-05-03,181.5588836669922,499.1424255371094,181.19000244140625,185.14292911827533,500.37246932338707,184.77999877929688,180.84603267784937,496.4772760472205,178.4199981689453,184.7963988764884,499.01550940056416,182.10000610351562,163224100,72756700,75491500
2024-05-06,179.90542602539062,504.2969970703125,184.75999450683594,182.37068791170867,504.3360252733681,187.55999755859375,178.62822868745857,501.10466881549837,182.1999969482422,180.539069515548,501.5439893363052,183.8000030517578,78569700,47264700,84390300
2024-05-07,180.58860778808594,504.8534240722656,177.80999755859375,183.06378067502382,506.2494419365131,183.25999450683594,179.5193463953144,504.17981521335923,177.39999389648438,181.62818342205114,505.2634287213709,182.39999389648438,77305800,52561300,75045900
2024-05-08,180.9252166748047,504.9022521972656,174.72000122070312,181.25194126160505,505.439173007877,176.05999755859375,179.64801918938014,502.90096940223697,170.14999389648438,181.0341248704048,503.018113594187,171.58999633789062,45057100,42047200,79969500
2024-05-09,182.73704528808594,507.8113098144531,171.97000122070312,182.82614787366472,507.8503975923716,175.6199951171875,180.3014688648197,504.43355378603155,171.3699951171875,180.74699689996783,505.0876186308662,175.00999450683594,48983000,43643700,65950300
2024-05-10,181.4779510498047,508.465576171875,168.47000122070312,183.50042466657956,510.2227987029079,173.05999755859375,180.56585391849484,507.2452744718461,167.75,183.3120539854214,509.4125016902763,173.0500030517578,50759500,52233200,72627200
2024-05-13,184.6802215576172,508.5338134765625,171.88999938964844,185.49318663872077,510.25200764448437,175.39999389648438,183.0344740478803,507.3916278750611,169.0,183.84743912898392,510.14463540524883,170.0,72044800,36716400,67018900
2024-05-14,185.8203125,510.8670349121094,177.5500030517578,186.68285108112164,511.3844713761404,179.49000549316406,184.69010361608505,508.19214341702855,174.07000732421875,185.8996272619275,508.72906418826113,174.5,52393600,57535900,86407400
2024-05-15,188.09066772460938,517.1930541992188,173.99000549316406,189.0126735344407,517.4859146210695,180.0,185.76084369802737,512.7023092523975,173.11000061035156,186.29621459797372,513.336889820599,179.89999389648438,70400000,59504900,79663000
2024-05-16,188.20965576171875,516.1290283203125,174.83999633789062,189.458844598736,518.891807952925,175.7899932861328,188.0312088580003,515.9825682875961,171.42999267578125,188.83425018022737,517.290757880065,174.10000610351562,52845200,50244800,59812200
2024-05-17,188.23936462402344,516.8709716796875,177.4600067138672,189.17129419091543,516.9393157213522,179.6300048828125,187.55528802161362,514.7915729298934,172.75,187.88245575005936,516.246162943074,173.5500030517578,41282900,59187600,77445800
2024-05-20,189.39932250976562,517.466552734375,174.9499969482422,190.27176982167657,518.9309149437036,177.75,187.38675756521698,516.5976835230946,173.52000427246094,187.7040166341828,516.9882039462692,177.55999755859375,44361300,37764200,61727400
2024-05-21,190.69808959960938,518.7354125976562,186.60000610351562,191.07481584379752,518.8916445280207,186.8800048828125,189.28036268210627,516.4998421188823,174.7100067138672,189.44890089382775,516.704874183102,175.50999450683594,42309400,33437000,115266500
2024-05-22,189.26052856445312,517.241943359375,180.11000061035156,191.16405275409193,518.7551054535538,183.8000030517578,188.63594934473116,515.0648847480338,178.1199951171875,190.61877317517173,518.0424683735625,182.85000610351562,34648500,48390000,88313500
2024-05-23,185.2750701904297,513.4638061523438,173.74000549316406,189.35968258649532,520.4048662857896,181.89999389648438,185.02721720275102,512.2532170997966,173.25999450683594,189.3398501117122,520.2974940619036,181.8000030517578,51005900,57211200,71975500
2024-05-24,188.34844970703125,516.8611450195312,179.24000549316406,188.94330296502375,517.6714419020187,180.0800018310547,186.4251079843019,514.3619699226733,173.72999572753906,187.1984232707908,515.3088952889863,174.83999633789062,36327000,41291100,65584500
2024-05-28,188.3583526611328,517.222412109375,176.75,191.34249703943843,517.9057929513657,178.25,187.47599667367734,514.5865486245773,173.16000366210938,189.86528785982966,517.6715045678355,176.39999389648438,52280100,36269600,59736600
2024-05-29,188.65577697753906,513.6005249023438,176.19000244140625,190.59895109353056,514.7817983278129,178.14999389648438,187.8824768517226,512.8878878194378,173.92999267578125,187.98162409974876,513.1905202395113,174.19000244140625,53068000,45190300,54782600
2024-05-30,189.6471710205078,510.1933898925781,178.7899932861328,190.52952698465035,512.7218807717095,182.6699981689453,188.99285067972127,508.94383216366884,175.3800048828125,189.12172393667825,512.058043918065,178.5800018310547,49889100,46377600,77618400
2024-05-31,190.59893798828125,514.8403930664062,178.0800018310547,190.9161970579539,514.9673092079909,180.32000732421875,188.2790377703441,506.0444490191236,173.82000732421875,189.79589676882185,511.15023176853157,178.5,75158300,90785800,67314600
2024-06-03,192.36366271972656,515.2600708007812,176.2899932861328,193.31542486412093,516.7342044816085,182.63999938964844,190.86663609575578,510.18360486685094,174.49000549316406,191.24336235629542,516.4511159966606,178.1300048828125,50080500,46835700,68568900
2024-06-04,192.680908203125,515.8361206054688,174.77000427246094,193.64257895328527,516.5780734778808,177.75999450683594,191.37223723797064,512.4876203186922,174.0,192.96841099700254,513.9519821715993,174.77999877929688,47471400,34632700,60056300
2024-06-05,194.18785095214844,521.9669189453125,175.0,195.20900403542353,521.9864628385163,176.14999389648438,193.19643901671662,516.1680432425981,172.1300048828125,193.72188613227584,518.1596136281009,175.35000610351562,54156800,47610400,57953800
2024-06-06,192.80978393554688,521.9570922851562,177.94000244140625,194.81244022862765,522.6990451286446,179.72999572753906,192.50244866402238,520.0241537818829,172.72999572753906,194.0093990023229,522.2694966184689,174.60000610351562,41181800,30808500,69887000
2024-06-07,195.1990966796875,521.3225708007812,177.47999572753906,195.24867030234284,524.1341502130953,179.35000610351562,192.47271383884646,519.8874652579173,175.5800018310547,192.97832848334124,520.9808506310355,176.1300048828125,53103900,43224500,56244900
2024-06-10,191.4614715576172,522.9334106445312,173.7899932861328,195.60558138834554,523.2555869709606,178.57000732421875,190.49980075281104,519.9168582676467,173.1699981689453,195.20900753042525,520.5123511854081,176.05999755859375,97010200,35686100,50774600
2024-06-11,205.3709716796875,524.1926879882812,170.66000366210938,205.38089548057218,524.2512600728273,174.75,191.96709351098235,519.4090826052437,167.41000366210938,191.98691085726122,521.3811087600108,173.9199981689453,172373300,36383400,64761900
2024-06-12,211.24012756347656,528.4979858398438,177.2899932861328,218.30888368086454,531.1924214122917,180.5500030517578,205.1231032111954,527.4631724257194,169.8000030517578,205.5890679852297,528.7615900630306,171.1199951171875,198134300,63251300,90389400
2024-06-13,212.40008544921875,529.5620727539062,182.47000122070312,214.88852380834695,530.4211698122318,191.0800018310547,209.782758705521,526.7700371068663,181.22999572753906,212.8957913864929,530.2454535391702,188.38999938964844,97862700,44760900,118984100
2024-06-14,210.66510009765625,529.8842163085938,178.00999450683594,213.32207647635283,529.9134725597781,186.0,209.4853176281068,527.0237772162169,176.9199981689453,212.01342075889224,528.0293342324846,185.8000030517578,70122700,40089900,82038200
2024-06-17,214.80923461914062,534.1015625,187.44000244140625,217.06965275202606,535.4976399183048,188.80999755859375,210.89316027395952,528.7420075865693,177.0,211.53757201804441,529.2008719569648,177.9199981689453,93728300,55839500,109786100
2024-06-18,212.4496612548828,535.4585571289062,184.86000061035156,216.75240063817128,535.585473259027,187.1999969482422,211.1707464886947,533.7403629842298,182.3699951171875,215.72132373307375,534.16013957423,186.55999755859375,79943300,41376400,68982300
2024-06-20,207.8792266845703,534.0039672851562,181.57000732421875,212.40007736780652,537.0498352385172,185.2100067138672,207.0563681724187,532.2272010481894,179.66000366210938,212.0927269910851,536.385998334327,184.67999267578125,86172500,70328200,55893100
2024-06-21,205.7080535888672,533.2879638671875,183.00999450683594,210.0702597495804,534.404483453128,183.9499969482422,205.3313122387871,531.8286814958426,180.69000244140625,208.58314195009936,533.1802452520325,182.3000030517578,241805100,64338600,61937300
2024-06-24,206.3524627685547,531.5545043945312,182.5800018310547,210.87329840415435,535.6777608035513,188.8000030517578,204.81577136869439,531.4369822915095,182.5500030517578,205.93607160503834,533.1117619254674,184.97000122070312,80727000,45528700,61992100
2024-06-25,207.27452087402344,533.6014404296875,187.35000610351562,209.56468024841507,533.9638101987721,187.97000122070312,206.8184646829133,531.260682360104,182.00999450683594,207.35382052419757,532.7787259572508,184.39999389648438,55549700,37936200,62905700
2024-06-26,211.41859436035156,534.2673950195312,196.3699951171875,213.01476817493463,534.9823310545671,197.75999450683594,208.8310086144187,531.8385253727439,186.36000061035156,209.68362348048936,532.4848968900385,186.5399932861328,66213200,38550600,95737100
2024-06-27,212.26129150390625,535.1098022460938,197.4199981689453,213.88720639689362,535.6876691801702,198.72000122070312,210.52632069800987,533.3860646945234,194.0500030517578,212.84622088780682,534.1304113442721,195.1699981689453,49772700,35041500,72746500
2024-06-28,208.81117248535156,533.0039672851562,197.8800048828125,214.21437951883613,538.9391321933387,203.1999969482422,208.4939285392998,531.7601817698417,195.25999450683594,213.91695291908772,535.8833782760337,199.5500030517578,82542700,76144500,95438100
2024-07-01,214.8885498046875,534.1009521484375,209.86000061035156,215.64201747450758,534.6298016081159,213.22999572753906,210.10002805599396,531.3390631933655,200.85000610351562,210.26856627972688,534.3849539324244,201.02000427246094,60402900,40297800,135691400
2024-07-02,218.37828063964844,537.6953125,231.25999450683594,218.4873365423676,537.6953125,231.3000030517578,213.25268346733495,532.4457925507478,218.05999755859375,214.29365375141188,532.4947501316359,218.88999938964844,58046200,40434800,205047900
2024-07-03,219.64730834960938,540.0948486328125,246.38999938964844,219.64730834960938,540.457218430894,248.35000610351562,217.14894613859082,537.3427629954197,234.25,218.11061688690268,537.381917105902,234.55999755859375,37369800,32789900,166561500
2024-07-05,224.3961944580078,543.209228515625,251.52000427246094,224.50525038603786,543.6107523683424,252.3699951171875,219.74646963306245,539.7617544001083,242.4600067138672,219.74646963306245,540.3983822148235,249.80999755859375,60412400,41488400,154501200
2024-07-08,225.86346435546875,543.8361206054688,252.94000244140625,225.89320550199054,544.786100933334,259.44000244140625,221.3327047505454,542.7685583933277,244.57000732421875,225.13972278278513,543.9927968223914,247.7100067138672,59085900,36110500,157219600
2024-07-09,226.71607971191406,544.3649291992188,262.3299865722656,227.42989753320916,545.6968861634513,265.6099853515625,224.4259205051531,544.0711239537649,250.3000030517578,225.97252074204383,544.795863484972,251.0,48076100,27289700,160210900
2024-07-10,230.97914123535156,549.7515869140625,263.260009765625,231.07828847688273,550.0943497431794,267.5899963378906,227.28117906796422,545.2953712492263,257.8599853515625,227.3307526887298,545.5891764995068,262.79998779296875,62627700,38701200,128519400
2024-07-11,225.61563110351562,545.0112915039062,241.02999877929688,230.39422897123262,550.7407626908513,271.0,223.83108651749725,544.3747234457534,239.64999389648438,229.40281699319425,549.8690906630567,263.29998779296875,64710600,53054200,221707300
2024-07-12,228.56011962890625,548.4490966796875,248.22999572753906,230.64209091466597,552.0532479931339,251.83999633789062,226.71609267309665,545.667660018472,233.08999633789062,226.95403700304678,546.1377485184462,235.8000030517578,53046500,53084400,155955800
2024-07-15,232.38699340820312,549.9573364257812,252.63999938964844,235.19269150540077,553.1991175344059,265.6000061035156,231.088245959651,548.0964700225896,251.72999572753906,234.4491324201001,550.4470318184875,255.97000122070312,62631300,40584300,146912900
2024-07-16,232.80337524414062,553.218505859375,256.55999755859375,234.2409196318231,553.5123110551864,258.6199951171875,230.3347538954296,550.5153785034055,245.8000030517578,232.98182214446476,551.269528320365,255.30999755859375,43234300,36475300,126332500
2024-07-17,226.91436767578125,545.4619140625,248.5,229.47221227385296,548.9583463886919,258.4700012207031,224.69359950369105,545.1386983611491,246.17999267578125,227.47946461019197,547.2835666023501,252.72999572753906,57345900,57119000,115584800
2024-07-18,222.2547149658203,541.2700805664062,249.22999572753906,228.46096321097224,547.988746727991,257.1400146484375,220.36112971273346,539.0860582622142,247.1999969482422,228.3023336745397,546.9995524787638,251.08999633789062,66034600,56270400,110869000
2024-07-19,222.3836212158203,537.6757202148438,239.1999969482422,224.85224251867803,542.6608454522978,249.44000244140625,221.36246807560826,536.6179614633988,236.8300018310547,222.88925101284036,541.0350233261719,247.7899932861328,49151500,65509100,87403900
2024-07-22,222.03662109375,543.2191772460938,251.50999450683594,225.82380677595344,543.8263948114603,253.2100067138672,221.174082433242,539.6639835581032,243.75,225.06041535891617,541.6031583779978,244.2100067138672,48201800,43346700,101225400
2024-07-23,223.0775909423828,542.3670043945312,246.3800048828125,224.9910238167192,545.2659625762393,255.75999450683594,220.76759935066607,541.8773090500791,245.6300048828125,222.44308791792702,543.111291105197,253.60000610351562,39960300,34439600,111928200
2024-07-24,216.66317749023438,530.0756225585938,215.99000549316406,222.86942645430565,537.8519873002513,225.99000549316406,215.2652980307627,529.1549928867055,214.7100067138672,222.07629380801336,537.5483785668235,225.4199981689453,61777600,74515300,167942900
2024-07-25,215.6221923828125,527.3136596679688,220.25,218.95333716975932,536.1771923025162,226.0,212.77682977395946,526.373482961852,216.22999572753906,217.04981289629316,530.1930703849662,216.8000030517578,51391200,61158300,100636500
2024-07-26,216.08816528320312,533.2195434570312,219.8000030517578,217.60502442671483,535.9128682273114,222.27999877929688,214.15489978899527,530.3303285661854,215.3300018310547,216.82180047841348,531.1040855758291,221.19000244140625,41601300,53763800,94604100
2024-07-29,216.36575317382812,533.5328979492188,232.10000610351562,217.41664743865044,535.7756811771844,234.27000427246094,213.8971319294418,531.5349026238763,224.6999969482422,215.09674706599597,534.7669398202207,224.89999389648438,36311800,39515800,129201800
2024-07-30,216.92092895507812,530.8297119140625,222.6199951171875,218.43778796730905,536.0596840862061,232.41000366210938,214.2639371695869,527.4214517116767,220.0,217.3075789949067,535.001925487195,232.25,41643800,46853600,100560300
2024-07-31,220.1727752685547,539.4581909179688,232.07000732421875,221.89783756706774,542.0927543010554,234.67999267578125,218.73523091700034,536.2947780748914,226.7899932861328,219.53827220377053,537.6658891932146,227.89999389648438,50036300,65663400,67497000
2024-08-01,216.48471069335938,531.8189697265625,216.86000061035156,222.55214689360594,543.4345294348678,231.8699951171875,215.15622233135366,528.3127341764186,214.3300018310547,222.44309097566543,541.1819427118934,227.69000244140625,62501000,76428700,83861900
2024-08-02,217.97181701660156,521.9172973632812,207.6699981689453,223.6625266661827,525.9229716163323,216.1300048828125,215.8402875210575,517.705869778205,205.77999877929688,217.26790792406092,524.7085367838448,214.8800048828125,105568600,82789100,82880100
2024-08-05,207.47279357910156,506.71722412109375,198.8800048828125,211.6664621054212,512.7894591232473,203.8800048828125,194.3167520967801,499.75373989157873,182.0,197.3802115476467,501.09553041319043,185.22000122070312,119548600,146267400,100308800
2024-08-06,205.45030212402344,511.38897705078125,200.63999938964844,208.18660889381388,518.8323239027992,202.89999389648438,199.3432157724579,507.19715534909227,192.6699981689453,203.53688424769564,508.5193091394915,200.75,69660500,84826300,73783900
2024-08-07,208.01806640625,507.9707336425781,191.75999450683594,211.80525225793107,520.6343074860769,203.49000549316406,204.61751548926864,507.3733196862517,191.47999572753906,205.12313014700663,517.5785536304185,200.77000427246094,63516400,70698300,71159800
2024-08-08,211.4780731201172,519.7136840820312,198.83999633789062,212.36042911915672,520.3404486814812,200.6999969482422,207.03655197769595,511.08525465156777,192.0399932861328,211.27979376271134,513.1125407389065,195.6999969482422,47161100,63276600,65033900
2024-08-09,214.38291931152344,522.0054931640625,200.0,214.91827509282652,523.4941863094633,200.8800048828125,210.1495861717322,517.66679909137,195.11000061035156,210.2784745623819,518.8910375919244,197.0500030517578,42201600,45619600,58648300
2024-08-12,215.9114532470703,522.2797241210938,197.49000549316406,217.8767166928247,524.6889871074426,199.25999450683594,213.99582080224636,520.0075304089534,194.6699981689453,214.46232494953352,523.2003538167259,199.02000427246094,38028100,42542100,64044900
2024-08-13,219.62362670898438,530.8688354492188,207.8300018310547,220.2390087017958,531.1039393955512,208.49000549316406,217.38043273085663,525.2275960596088,197.05999755859375,217.38043273085663,525.4724436986064,198.47000122070312,44155300,52333100,76247400
2024-08-14,220.07028198242188,532.543701171875,201.3800048828125,221.37053243582614,533.728785456597,208.44000244140625,218.06530765715263,528.9885080949739,198.75,218.9288446755302,531.6622256176499,207.38999938964844,41960600,42446900,70250000
2024-08-15,223.04795837402344,541.6715698242188,214.13999938964844,223.67327566716008,541.9555715802455,215.8800048828125,221.1025352094067,537.567920792545,204.82000732421875,222.9288560878089,538.1751381862979,205.02000427246094,46414000,60846800,89848500
2024-08-16,224.3680877685547,542.8860473632812,216.1199951171875,225.1422830006272,543.5814362683599,219.8000030517578,221.98593577772976,539.8989177341498,210.8000030517578,222.25393109506462,540.0555939415091,211.14999389648438,44340200,44430700,88765100
2024-08-19,224.2092742919922,548.0767822265625,222.72000122070312,224.30853630427512,548.0767822265625,222.97999572753906,221.38047353975193,542.4452860411917,214.08999633789062,224.04054098731652,543.2973511166235,217.07000732421875,40687800,39121800,76435200
2024-08-20,224.8246307373047,547.1856079101562,221.10000610351562,225.4797235950926,549.2815184001456,228.22000122070312,223.77252016614798,545.8438474042439,219.55999755859375,224.09014645304697,547.6263456901657,224.8800048828125,30299000,33732300,74001200
2024-08-21,224.71546936035156,549.06591796875,223.27000427246094,226.28371522001356,550.5252003042482,224.66000366210938,223.37552309496598,543.2972933603506,218.86000061035156,224.8345868015738,548.2334599233565,222.6699981689453,34765500,41514600,70146000
2024-08-22,222.85939025878906,544.7566528320312,210.66000366210938,226.64103964823346,551.5732334533072,224.8000030517578,222.23407290784718,543.5422179587766,210.32000732421875,226.09512887719345,550.9660160166799,223.82000732421875,43695300,56121500,79514500
2024-08-23,225.15219116210938,550.5448608398438,220.32000732421875,226.52192810531062,551.4850973665338,221.47999572753906,222.66087229355688,545.8045838781815,214.2100067138672,223.98097823318813,547.9984691071246,214.4600067138672,38677300,50639400,81525200
2024-08-26,225.48963928222656,549.2325439453125,213.2100067138672,225.58890128123517,552.2882384520825,219.08999633789062,222.22412549030662,547.5284135216066,211.00999450683594,225.07276614784877,551.5733022984582,218.75,30602200,35788600,59301200
2024-08-27,226.3333282470703,549.9866333007812,209.2100067138672,227.14723425887112,550.476328645617,215.66000366210938,223.21669220638537,546.8134170306081,206.94000244140625,224.31843379232603,547.9592873998898,213.25,35934600,32693900,62821400
2024-08-28,224.80479431152344,546.7938842773438,205.75,228.14971479709,550.0748793992682,211.83999633789062,224.0008084384826,543.601060631449,202.58999633789062,226.22414704916858,549.6439450462528,209.72000122070312,38052200,41066000,64116400
2024-08-29,228.08023071289062,546.8427734375,206.27999877929688,231.18694665641485,552.0629426061665,214.88999938964844,227.17701311839377,545.6969030561269,205.97000122070312,228.38793686624163,548.7624007293272,209.8000030517578,51906300,38715200,62308800
2024-08-30,227.29611206054688,552.0629272460938,214.11000061035156,228.68568922028223,552.5722295246512,214.57000732421875,225.78741746908054,545.657733766081,207.02999877929688,228.4772602189495,549.212926690368,208.6300048828125,52990800,62700100,63370600
2024-09-03,221.11248779296875,540.7019653320312,210.60000610351562,227.2961293418145,549.2520259222431,219.89999389648438,219.52438650802387,538.1849243812507,209.63999938964844,226.84948058831634,548.919006824782,215.25999450683594,50190600,60600100,76714200
2024-09-04,219.20675659179688,539.5953979492188,219.41000366210938,220.1298295937355,543.0036589607188,222.22000122070312,215.86182100754215,538.136115154692,210.57000732421875,220.01072730838987,538.860854815549,210.58999633789062,43840200,47224900,80651800
2024-09-05,220.72540283203125,538.282958984375,230.1699981689453,223.80232842315377,542.3866087950116,235.0,219.87180099289256,535.8246785314534,222.25,219.98098315180297,539.5366078915503,223.49000549316406,36615400,44264300,119355000
2024-09-06,219.17698669433594,529.2235107421875,210.72999572753906,223.56409767944487,540.231851947678,233.60000610351562,218.13479623481732,528.3224880929642,210.50999450683594,222.28368749781316,538.60608979078,232.60000610351562,48423000,68493800,112177000
2024-09-09,219.26632690429688,535.1488647460938,216.27000427246094,219.6236489368284,536.4221205223048,219.8699951171875,215.09757995493325,531.4957564364314,213.6699981689453,219.17700018247805,533.4251872668898,216.1999969482422,67180000,40445800,67443500
2024-09-10,218.47227478027344,537.4797973632812,226.1699981689453,219.83207646515766,537.8324234437913,226.39999389648438,215.1174187834135,532.1813200114981,218.63999938964844,217.29112653781655,537.0586665381934,220.07000732421875,51591000,36394600,78891100
2024-09-11,221.0032958984375,542.9938354492188,228.1300048828125,221.43008920211523,543.9144652005341,228.47000122070312,216.26878297144034,528.8318826121556,216.8000030517578,219.81222755985956,537.3917487162622,224.5500030517578,44587100,75248600,83548600
2024-09-12,221.11248779296875,547.5675659179688,229.80999755859375,221.8866830044339,547.8711746400817,231.4499969482422,218.1844402475294,541.3483991843773,223.8300018310547,220.84449248276735,543.5716351743016,224.66000366210938,37455600,51819600,71894900
2024-09-13,220.844482421875,550.4273071289062,230.2899932861328,222.37301734416337,551.4263046450518,232.6699981689453,220.25887596851652,547.920069645679,226.32000732421875,221.91644846858938,548.1747207597754,228.0,36766600,39310500,59515100
2024-09-16,214.7104949951172,551.2402954101562,226.77999877929688,215.60379255643394,551.5046902542234,229.9600067138672,212.32834292284386,548.360884321784,223.52999877929688,214.92884416844979,550.1629297590999,229.3000030517578,59357400,36656100,54323000
2024-09-17,215.17697143554688,551.4655151367188,227.8699951171875,215.28615358843467,554.9031859740162,234.57000732421875,212.904016801209,549.2324757022386,226.5500030517578,214.14471619981742,553.4536471249235,229.4499969482422,45519300,49321000,66761600
2024-09-18,219.04795837402344,549.8300170898438,227.1999969482422,221.05293280374121,556.969754476821,235.67999267578125,215.92138686335736,549.2717571625421,226.8800048828125,215.9313221513165,552.1217580784818,230.08999633789062,59894900,59044900,78010200
2024-09-19,227.16708374023438,559.2125244140625,243.9199981689453,228.11002736409566,561.0733907935877,244.24000549316406,222.95864123060412,556.3723270388496,232.1300048828125,223.31596324984213,559.2419348303403,234.0,66781300,75315500,102694600
2024-09-20,226.5020751953125,558.2457885742188,238.25,231.3556905514529,559.2871245583524,243.99000549316406,225.92638886705737,555.219996107625,235.9199981689453,228.2589097535001,557.843033129673,241.52000427246094,318679900,77503100,99879100
2024-09-23,224.7849578857422,559.6408081054688,250.0,227.74278104335218,560.2892222272916,250.0,224.12986496132828,558.0984411315784,241.9199981689453,225.64847983003366,559.3166610051752,242.61000061035156,54146000,44116900,86927200
2024-09-24,225.6782684326172,561.2421264648438,254.27000427246094,227.64354731931365,561.3010677532865,257.19000244140625,224.05047131587074,557.6072537825559,249.0500030517578,226.94874349226038,560.4365555490466,254.0800018310547,43556100,46805700,88491000
2024-09-25,224.68568420410156,560.0042724609375,257.0199890136719,225.59883710649478,561.8217386948093,257.04998779296875,222.35317851779175,558.8941616149112,252.27999877929688,223.2563961324406,561.0849426444706,252.5399932861328,42308700,38428600,65034300
2024-09-26,225.82716369628906,562.2244873046875,254.22000122070312,226.79986786044512,564.5920921622151,261.75,223.7328623413079,559.866775948692,251.52999877929688,225.6087993733805,564.2678851150425,260.6000061035156,36636700,48336000,67142200
2024-09-27,226.09512329101562,561.4090576171875,260.4599914550781,227.81226214161182,564.1106429805404,260.70001220703125,225.6087788258606,560.377555197848,254.1199951171875,226.7601514881057,563.2952985697877,257.3800048828125,34026000,42100900,70988100
2024-09-30,231.26637268066406,563.6588134765625,261.6300048828125,231.26637268066406,564.2678934162012,264.8599853515625,227.94129216556473,558.078818569817,255.77000427246094,228.32838978012126,560.3775886747461,259.0400085449219,54541900,63557400,80705700
2024-10-01,224.5269012451172,558.6093139648438,258.0199890136719,227.94129335648356,563.9535439565005,263.9800109863281,222.0752779583648,556.035444442894,248.52999877929688,227.81227091446172,563.3051897855821,262.6700134277344,63285000,72668800,87397600
2024-10-02,225.09263610839844,558.8451538085938,249.02000427246094,225.67824256269316,559.8668828892402,251.16000366210938,221.360617941662,555.3183896615599,241.5,224.20925878310885,557.7154356390834,247.5500030517578,32880600,38097800,93983900
2024-10-03,223.99087524414062,557.823486328125,240.66000366210938,225.12239234050705,559.7686090671853,249.7899932861328,221.65836976978886,555.5344893933645,237.80999755859375,223.46481998018766,557.3715630826164,244.47999572753906,34044200,40846500,80729200
2024-10-04,225.1125030517578,562.892578125,250.0800018310547,226.30357145139808,563.2658929623027,250.9600067138672,222.46237094034984,558.09848649286,244.5800018310547,226.20430944090455,562.273664576873,246.69000244140625,37245100,42939100,86573200
2024-10-07,220.04049682617188,557.8037109375,240.8300018310547,224.01073444452058,561.8905065573382,249.8300018310547,219.68317483471031,556.6543259021896,240.6999969482422,222.8295863298211,561.2420924631317,249.0,39505400,49964700,68113300
2024-10-08,224.09014892578125,563.0792236328125,244.5,224.29857792676054,563.67853004462,246.2100067138672,221.58889489724396,559.5033520489247,240.55999755859375,222.63108533790577,560.377637870892,243.55999755859375,31855700,37398700,56303200
2024-10-09,227.83209228515625,566.9794921875,241.0500030517578,228.0405364361267,567.539464559933,247.42999267578125,223.15714569962594,562.470272536137,239.50999450683594,223.55416342639623,563.0695191246471,243.82000732421875,33591100,37912200,66289500
2024-10-10,227.33583068847656,565.9871215820312,238.77000427246094,227.7924147414137,567.4116060358193,242.7899932861328,225.47974919262126,564.3759797176003,232.33999633789062,226.08521111865923,565.6334738441669,241.80999755859375,28183500,44138100,83087100
2024-10-11,225.85693359375,569.3762817382812,217.8000030517578,227.70309500312143,570.113077691751,223.33999633789062,225.64848941975737,565.7708503676648,214.3800048828125,227.5939128444124,565.9084000028585,220.1300048828125,31759200,42268000,142628900
2024-10-14,229.57901000976562,574.0328979492188,219.16000366210938,230.0058033150611,574.9661849382893,221.91000366210938,226.89910245149323,570.5060744728205,213.74000549316406,226.99834931201846,570.9874382986001,220.1300048828125,39882100,36217200,86291900
2024-10-15,232.11004638671875,569.5728759765625,219.57000732421875,235.7229623804217,574.6027324678581,224.25999450683594,230.6410474142004,568.3546560789198,217.1199951171875,231.87182665313995,574.2981924836022,220.00999450683594,64751400,54203600,62988800
2024-10-16,230.055419921875,572.0485229492188,221.3300018310547,230.39288648800354,572.5692210133667,222.82000732421875,228.1298522341637,568.7673576490918,218.92999267578125,229.87676649695567,569.5729286407808,221.39999389648438,34082200,30725400,49632800
2024-10-17,230.42266845703125,572.0975341796875,220.88999938964844,232.1100316250369,575.8011814159861,222.0800018310547,228.80480686495974,571.9108767867559,217.89999389648438,231.69314333147315,575.5948569414992,221.58999633789062,32993800,34393700,50791800
2024-10-18,233.25146484375,574.2981567382812,220.6999969482422,234.42267769537074,575.0840605235142,222.27999877929688,232.2688255608399,572.3235337539761,219.22999572753906,234.42267769537074,573.787292295603,220.7100067138672,46431500,37416800,49611900
2024-10-21,234.720458984375,573.3550415039062,218.85000610351562,235.08771628667242,574.5535342943244,220.47999572753906,232.7055644739604,570.378356688641,215.72999572753906,232.7055644739604,573.5711395635755,218.89999389648438,36254500,36439000,47329000
2024-10-22,234.10508728027344,573.050537109375,217.97000122070312,234.4624093106695,574.2097557683464,218.22000122070312,230.86934872103873,570.1622940232531,215.25999450683594,232.14974382855843,570.8204817447413,217.30999755859375,38846600,34183800,43268700
2024-10-23,229.0430145263672,567.8143310546875,213.64999389648438,233.3904297884605,571.4688706983893,218.72000122070312,226.06533615950997,564.3071746074978,212.11000061035156,232.33831918874512,571.0267810694698,217.1300048828125,52287000,49314600,80938900
2024-10-24,228.85446166992188,569.0423583984375,260.4800109863281,229.10260155629064,569.8479293354313,262.1199951171875,226.710529416834,566.4193810527883,242.64999389648438,228.26884002769643,569.7693209618997,244.67999267578125,31109500,34979900,204491900
2024-10-25,229.6881866455078,568.8458251953125,269.19000244140625,231.48471683213373,574.1704478252901,269.489990234375,227.86188088691335,567.9027646254573,255.32000732421875,228.03061417648678,571.2723713678375,256.010009765625,38802300,47268200,161611900
2024-10-28,231.6633758544922,570.6043090820312,262.510009765625,232.98348177622344,572.4512158459117,273.5400085449219,230.81970938626554,570.2997691348281,262.239990234375,231.5839844241638,572.3234997428319,270.0,36087100,30174700,107653600
2024-10-29,231.93138122558594,571.5277709960938,259.5199890136719,232.5864741436605,572.6476553589258,264.9800109863281,230.59143496071306,568.2465463889694,255.50999450683594,231.36563017470797,569.6415300427301,264.510009765625,35417200,42899700,80521800
2024-10-30,228.387939453125,569.7987670898438,257.54998779296875,231.7328600109945,573.0504911915006,263.3500061035156,227.8420287171323,569.0914117169528,255.82000732421875,230.87925826342104,571.0562011429839,258.0400085449219,47070900,41435800,53993600
2024-10-31,224.2291259765625,558.6290283203125,249.85000610351562,228.11995749798112,565.4959588071013,259.75,223.69313535160188,558.4325373559277,249.25,227.63359787833264,565.4271839715354,257.989990234375,64370100,60182500,66575300
2024-11-01,221.25143432617188,560.9866333007812,248.97999572753906,223.67328184782377,565.4172428761593,254.0,218.6310779402587,560.5740443264921,246.6300048828125,219.32586653780092,561.2617325907157,252.0399932861328,65276700,45667500,57544800
2024-11-04,220.35812377929688,559.7783203125,242.83999633789062,221.13231895883285,562.4209644478059,248.89999389648438,218.0752491010658,557.892139281839,238.8800048828125,219.34572401852256,561.1241962515347,244.55999755859375,44944500,38217000,68802400
2024-11-05,221.78741455078125,566.547119140625,251.44000244140625,222.28369429475046,566.5863933486033,255.27999877929688,219.49460455688452,560.4759261934032,246.2100067138672,220.14969745378525,560.6920242782184,247.33999633789062,28111300,39478300,69282500
2024-11-06,221.0628204345703,580.6347045898438,288.5299987792969,224.38790032706876,581.5090505083735,289.5899963378906,219.5442058352571,575.0842089560224,275.6199951171875,220.9536382998695,578.8271314133249,284.6700134277344,54561100,68182000,165228700
2024-11-07,225.7874298095703,585.1241455078125,296.9100036621094,226.18446269494834,586.145874462509,299.75,222.89909318788202,582.5601095007273,285.5199890136719,222.95864433437472,582.6387178727699,288.8900146484375,42137700,47233200,117309200
2024-11-08,225.51914978027344,587.6587524414062,321.2200012207031,227.20835428792034,589.0832369047557,328.7099914550781,224.9726384261151,585.6742957423695,297.6600036621094,225.72780810336752,585.6742957423695,299.1400146484375,38328800,46444900,204782800
2024-11-11,222.8064727783203,588.2186889648438,350.0,224.26714170400084,589.6038391769904,358.6400146484375,220.0938084143074,586.4896646144927,336.0,223.57158868270503,589.2501914582232,346.29998779296875,42005600,37586800,210521600
2024-11-12,222.8064727783203,586.3914794921875,328.489990234375,224.15783943194586,588.7393574916656,345.8399963378906,221.9420008205612,583.9059918696842,323.30999755859375,223.12444853772337,588.1401110548398,342.739990234375,40398300,43006100,155726000
2024-11-13,223.69082641601562,586.67626953125,330.239990234375,225.2111120360391,588.6803330522652,344.6000061035156,221.34580821096,584.4855486263699,322.5,222.58787261698694,586.853093374815,335.8500061035156,48566200,47388600,125405600
2024-11-14,226.77117919921875,582.9039306640625,311.17999267578125,227.41704670245966,587.2854330583992,329.9800109863281,223.57161969551154,582.2163022724781,310.3699951171875,223.5914969737112,586.804069200042,327.69000244140625,44923900,38904100,120726100
2024-11-15,223.57159423828125,575.4376831054688,320.7200012207031,225.47940335635096,579.8093514182389,324.67999267578125,222.8462328667566,573.580942771995,309.2200012207031,224.96270031544069,579.3377611991996,310.57000732421875,47923700,75988800,114440300
2024-11-18,226.5724334716797,577.7955322265625,338.739990234375,228.28151537171908,579.1119076957027,348.54998779296875,223.74052045447314,575.0350052053479,330.010009765625,223.82001439888424,575.8994574754852,340.7300109863281,44633700,37001700,126085600
2024-11-19,226.83074951171875,579.9076538085938,346.0,228.69881907074455,580.6346163861505,347.3800048828125,225.22103903072198,573.7480790226593,332.75,225.53899960732684,574.4161003090796,335.760009765625,36211800,49412000,88852500
2024-11-20,227.54620361328125,580.1040649414062,342.0299987792969,228.4702922716314,580.3889378159292,346.6000061035156,224.45594670445817,574.3374129030207,334.29998779296875,226.61216873586113,579.9861823753545,345.0,35169600,50032600,66340700
2024-11-21,227.0692596435547,583.21826171875,339.6400146484375,228.6988476019872,584.6427460672937,347.989990234375,224.27710117470866,577.1077952881657,335.2799987792969,227.42697481306035,582.953055915256,343.80999755859375,42108300,46750300,58011700
2024-11-22,228.41067504882812,585.0260009765625,352.55999755859375,229.25528492407807,585.6547481079318,361.5299987792969,226.61216818417898,582.7075633853434,337.70001220703125,226.61216818417898,583.208534421257,341.0899963378906,38168300,38226400,89140700
2024-11-25,231.39163208007812,587.0103759765625,338.5899963378906,231.76922452168117,590.281707390563,361.92999267578125,228.2815130321861,584.7213793724078,338.20001220703125,229.99059491471002,588.9653319760873,360.1400146484375,90152800,42441400,95890900
2024-11-26,233.56771850585938,590.0755004882812,338.2300109863281,234.07449047305911,590.7435218021593,346.9599914550781,231.84870566104107,587.5409049439907,335.6600036621094,231.84870566104107,588.2580340090641,341.0,45986200,45621300,62295900
2024-11-27,233.43853759765625,588.2874145507812,332.8900146484375,234.1937224347506,590.2718110026187,342.54998779296875,232.32565277909848,586.7647148108081,326.5899963378906,232.9814664022851,589.8887226529953,341.79998779296875,33498400,34000200,57896400
2024-11-29,235.8233184814453,591.9420166015625,345.1600036621094,236.3002669685808,592.7279205050064,345.45001220703125,232.48464874765904,588.8278416543462,334.6499938964844,233.31931239062584,589.1028810382705,336.0799865722656,28481400,30177400,37167600
2024-12-02,238.06895446777344,593.0029296875,357.0899963378906,239.26133321145704,593.6807844427898,360.0,235.654388648958,591.8633182342458,351.1499938964844,235.76369091824088,592.354515594293,352.3800048828125,48137100,31746000,77986500
2024-12-03,241.1095428466797,593.2780151367188,351.4200134277344,241.21884512379424,593.5236138358292,355.69000244140625,237.38334952948236,591.73570807165,348.20001220703125,238.2875760799829,592.7672106157903,351.79998779296875,38861000,26906600,58267200
2024-12-04,241.46725463867188,596.9619140625,357.92999267578125,242.56027739454964,597.2075127280552,358.1000061035156,239.7184333911867,594.2996629026728,348.6000061035156,241.32814402991647,594.9676840777096,353.0,44383900,42787600,50810900
2024-12-05,241.49705505371094,595.9795532226562,369.489990234375,242.98753231090083,597.7675188046404,375.42999267578125,240.59284370740727,595.6259055147337,359.5,242.4410361127995,596.961947940629,359.8699951171875,40033900,28762200,81403600
2024-12-06,241.29832458496094,597.1093139648438,389.2200012207031,243.0769692456264,598.3471408675985,389.489990234375,240.5431549096241,596.3332437457798,370.79998779296875,241.36788746709487,596.7458327264936,377.4200134277344,36870600,31241500,81455800
2024-12-09,245.18350219726562,594.0344848632812,389.7900085449219,245.67039687977774,597.1584931551176,404.79998779296875,240.21524480725012,593.445071963169,378.010009765625,240.29473874492055,596.9915028268559,397.6099853515625,44649200,34742700,96359200
2024-12-10,246.19703674316406,592.1875610351562,400.989990234375,246.63424582967986,595.134745373381,409.7300109863281,243.7824557106041,591.529373321926,390.8500061035156,245.32261857013248,594.7123228135097,392.67999267578125,36914800,37234500,97563600
2024-12-11,244.92515563964844,596.7655639648438,424.7699890136719,249.2077910379196,597.7184581352288,424.8800048828125,244.69660488558225,594.8400485801485,402.3800048828125,246.38582450957213,595.115147903942,409.70001220703125,45205800,28677700,104287600
2024-12-12,246.3858184814453,593.690673828125,418.1000061035156,247.1608653940442,596.4708079758578,429.29998779296875,244.1202792424049,593.690673828125,415.0,245.32260415969785,595.9010621562538,424.8399963378906,32777500,31543800,87752200
2024-12-13,246.5547637939453,593.57275390625,436.2300109863281,247.7073880681415,596.4413297893211,436.29998779296875,244.676762972136,592.1973772710232,415.7099914550781,246.24673423955153,595.7242008087076,420.0,33155300,35904700,89000200
2024-12-16,249.4462432861328,596.1072998046875,463.0199890136719,249.78409628857773,597.0799209921157,463.19000244140625,246.07776561283137,594.5551592425911,436.1499938964844,246.41561861527626,595.3312295236393,441.0899963378906,51694800,43695200,114083800
2024-12-17,251.8707733154297,593.6513061523438,479.8599853515625,252.21855739876366,594.5158183353977,483.989990234375,248.19426586582333,592.2759894688432,457.510009765625,248.49236434269267,593.5530906608857,475.8999938964844,51356400,55773500,131223000
2024-12-18,246.4752655029297,575.9584350585938,440.1300048828125,252.6657103008961,595.7339866328443,488.5400085449219,246.1672359539693,575.5752867073982,427.010009765625,250.55917390522964,593.3467745348553,466.5,56774100,108248700,149340800
2024-12-19,248.20419311523438,575.7816162109375,436.1700134277344,250.400169527173,582.5601648792804,456.3599853515625,245.5213371883983,575.5360174904994,420.0199890136719,245.92873792847348,580.9490228826561,451.8800048828125,60882300,85919500,118566100
2024-12-20,252.87435913085938,582.697265625,421.05999755859375,253.3811159043778,587.231466902458,447.0799865722656,244.13022347118752,572.6036351958548,417.6400146484375,246.46529524609687,573.4513839180992,425.510009765625,147495300,125716700,132216200
2024-12-23,253.6494140625,586.1866455078125,430.6000061035156,254.02699130961165,586.7879087972127,434.510009765625,251.84096111600803,579.2571372355378,415.4100036621094,253.15258832932108,582.4409930028329,431.0,40858800,57635800,72698100
2024-12-24,256.5608215332031,592.7021484375,462.2799987792969,256.5707374276886,592.7416149913781,462.7799987792969,253.66927695641888,586.9554933157183,435.1400146484375,253.868019379837,587.5370835235541,435.8999938964844,23234700,33160100,59551800
2024-12-26,257.3756103515625,592.7415771484375,454.1300048828125,258.44877099351584,593.8652307760627,465.3299865722656,255.99445048269988,589.5281816588665,451.0199890136719,256.5508929178466,590.9278604962976,465.1600036621094,27237100,41219100,76366400
2024-12-27,253.96737670898438,586.5020751953125,431.6600036621094,257.05764856283577,589.2324867459512,450.0,251.45343969164696,582.3128451341881,426.5,256.19314630806485,588.9958679237085,449.5199890136719,42355300,64969300,82666800
2024-12-30,250.59889221191406,579.80908203125,417.4100036621094,251.8906421270002,583.2787692142718,427.0,249.15810064436016,576.0535631828352,415.75,250.6287005424076,579.4838439796579,419.3999938964844,35557500,56578800,64941000
